[{"_id":"56cae42a683485281caf5651","familienaam":"Vaneenoo","voornaam":"Jan","geboortedatum":"1954-12-14","email":"jv@hotmail.com","nickname":"doetje","foto":"jv.png","beroep":"instructeur","sexe":"m","haarkleur":"blond","oogkleur":"groen-grijs","grootte":184,"gewicht":88,"wachtwoord":"vdab"},{"_id":"56cae42a683485281caf5652","familienaam":"Ampersand","voornaam":"Paul","geboortedatum":"1968-01-04","email":"paul.ampersand@gmail.com","nickname":"Jetbrain","foto":"paul_ampersand.png","beroep":"fiscalist","sexe":"m","haarkleur":"blond","oogkleur":"blauw","grootte":181,"gewicht":72,"wachtwoord":"vdab"},{"_id":"56cae42a683485281caf5653","familienaam":"doeietskritis","voornaam":"Danira","geboortedatum":"1992-08-08","email":"ddiks@hotmail.com","nickname":"Danira","foto":"danira.png","beroep":"journalist","sexe":"v","haarkleur":"zwart","oogkleur":"bruin","grootte":170,"gewicht":62,"wachtwoord":"vdab"},{"_id":"56cae42a683485281caf5654","familienaam":"Delanghe","voornaam":"Annick","geboortedatum":"1984-05-01","email":"cutflower@telenet.be","nickname":"cutflower","foto":"adl.png","beroep":"bediende","sexe":"v","haarkleur":"zwart","oogkleur":"bruin","grootte":176,"gewicht":66,"wachtwoord":"vdab"},{"_id":"56cae42a683485281caf5655","familienaam":"Vaneenoo","voornaam":"Vanessa","geboortedatum":"1988-10-17","email":"vanessa@telenet.be","nickname":"dreamon","foto":"vanessa_vaneenoo.png","beroep":"student","sexe":"v","haarkleur":"donkerblond","oogkleur":"blauw","grootte":169,"gewicht":65,"wachtwoord":"vdab"},{"_id":"56cae42a683485281caf5656","familienaam":"Decaluwe","voornaam":"Kurt","geboortedatum":"1988-01-20","email":"kurt.decaluwe@hotmail.com","nickname":"streamliner","foto":"kurt_decaluwe.png","beroep":"arbeider","sexe":"m","haarkleur":"bruin","oogkleur":"bruin","grootte":192,"gewicht":101,"wachtwoord":"vdab"},{"_id":"56cae42a683485281caf5657","familienaam":"Debruyne","voornaam":"Ilse","geboortedatum":"1966-11-30","email":"ilse.debruyne@hotmail.com","nickname":"fluffy snowflake","foto":"ilse_debruyne.png","beroep":"leraar secundair onderwijs","sexe":"v","haarkleur":"donkerblond","oogkleur":"grijsgroen","grootte":170,"gewicht":90,"wachtwoord":"vdab"}]
